,,accuracy,accuracy,roc_auc,roc_auc,deletion_auc,deletion_auc,faithfulness_correlation,faithfulness_correlation,comprehensiveness,comprehensiveness,sufficiency,sufficiency,max_sensitivity,max_sensitivity,entropy_complexity,entropy_complexity,gini_sparsity,gini_sparsity
,,mean,std,mean,std,mean,std,mean,std,mean,std,mean,std,mean,std,mean,std,mean,std
model,explainer,,,,,,,,,,,,,,,,,,
LogisticRegression,LocalPerturbation,0.986013986013986,0.0,0.9976939203354298,0.0,0.8406903596481884,0.12744589103208015,0.8813898347247513,0.09933253989329985,-0.19225848238356416,0.3222617680891754,0.05592450644514078,0.0920337917623152,0.0032079235058237172,0.0045038497120440425,2.8147124823938543,0.2414770037657825,0.5725084576733024,0.08775914720114882
LogisticRegression,ModelSpecific,0.986013986013986,0.0,0.9976939203354298,0.0,0.781834509719032,0.16641524432272783,0.8290192885482982,0.07849265418196347,-0.09274901444900496,0.24208060118262278,0.12579652037067401,0.19515296969716467,0.03758085634259038,0.0018890368498060794,2.9875093785319575,0.10186254841087859,0.4986255066662886,0.06309099457886533
LogisticRegression,RandomControl,0.986013986013986,0.0,0.9976939203354298,0.0,0.6334389323646038,0.339372878478443,0.05131028663348905,0.24396185371719994,-0.017316829670108703,0.07142420568070335,0.3582980506165815,0.3706382575123356,,,3.237112261357945,0.0,0.3060565326873396,0.0
MLP,LocalPerturbation,0.9370629370629372,0.0,0.9880503144654088,0.0,0.7330677740031248,0.09274440413000994,0.9422176076360007,0.043989263635920865,-0.1149660522769192,0.16387275936308018,0.10680541668334266,0.11249661720294134,0.004946593394803256,0.0022749655837724487,2.8851080725193317,0.11793524913748565,0.5588731877458504,0.058656288111267
MLP,RandomControl,0.9370629370629372,0.0,0.9880503144654088,0.0,0.6916860353193484,0.1372699777007302,-0.028281031788469926,0.2684884909795645,-0.02576627469425535,0.0814465603697223,0.2445116935751382,0.20885822571976834,,,3.237112261357945,0.0,0.3060565326873396,0.0
RandomForest,LocalPerturbation,0.951048951048951,0.0,0.9939203354297694,0.0,0.8858926388888889,0.11555619521768458,0.9304053493688452,0.09681813600902361,-0.2931107142857143,0.27607724323645444,0.08679999999999997,0.0796509511318208,0.01803737583926125,0.013415017391292925,2.1900032782078296,0.3435295069783952,0.7755581696704062,0.07732891353756624
RandomForest,RandomControl,0.951048951048951,0.0,0.9939203354297694,0.0,0.7644824206349206,0.21871689739386452,-0.0798856501714031,0.283552993660134,-0.1029988095238095,0.1214760636487208,0.27805714285714284,0.24776404981225544,,,3.237112261357945,0.0,0.3060565326873396,0.0
