model,explainer,instance,accuracy,roc_auc,deletion_auc,faithfulness_correlation,comprehensiveness,sufficiency,max_sensitivity,entropy_complexity,gini_sparsity
LogisticRegression,LocalPerturbation,10,0.986013986013986,0.9976939203354298,0.8595404123025898,0.9936756495103511,-0.010110774841022074,0.2433508948293166,0.009550489316239726,3.0449571596802643,0.4737967093820387
LogisticRegression,RandomControl,10,0.986013986013986,0.9976939203354298,0.8722354036750455,-0.14517160538819904,-0.10657586416771148,0.20725351583151497,,3.237112261357945,0.3060565326873396
LogisticRegression,ModelSpecific,10,0.986013986013986,0.9976939203354298,0.8298722878263989,0.7721106014160266,-0.10552616851027397,0.20781697447880765,0.03788073682298177,2.909351040126837,0.5432582122761788
LogisticRegression,LocalPerturbation,12,0.986013986013986,0.9976939203354298,0.7213618405624155,0.7850089997849223,-0.23818272990365177,0.0021262106546117263,3.2004130604794775e-05,2.4764071641170076,0.7227682111033225
LogisticRegression,RandomControl,12,0.986013986013986,0.9976939203354298,0.4879919573674626,-0.21763713273417856,-0.0051850416156046415,0.11438500260139349,,3.237112261357945,0.3060565326873396
LogisticRegression,ModelSpecific,12,0.986013986013986,0.9976939203354298,0.7041998844440203,0.7944150413072453,-0.2297629633685082,0.002230105508732356,0.03532971796834295,2.8943370021976245,0.565530350153684
LogisticRegression,LocalPerturbation,17,0.986013986013986,0.9976939203354298,0.8928365348879045,0.8705409385244534,-0.9580460094926179,0.024104063193393633,0.01051110844610147,2.6529105583712234,0.6703001876818436
LogisticRegression,RandomControl,17,0.986013986013986,0.9976939203354298,0.24805238827937562,0.3377633409543029,0.023538641988238313,0.9570273268408741,,3.237112261357945,0.3060565326873396
LogisticRegression,ModelSpecific,17,0.986013986013986,0.9976939203354298,0.7334820869871119,0.8890751090101059,-0.2913905314946541,0.5059233860444486,0.03795996157270333,2.956741282132001,0.5335293185151871
LogisticRegression,LocalPerturbation,25,0.986013986013986,0.9976939203354298,0.9509058971643017,0.9270241591769403,0.013687074436377067,0.01364472282881235,0.0012045523022841743,2.8607122310817936,0.5650268102633206
LogisticRegression,RandomControl,25,0.986013986013986,0.9976939203354298,0.9552016092475,0.5676200324196283,0.020325012521580366,0.008229994839525023,,3.237112261357945,0.3060565326873396
LogisticRegression,ModelSpecific,25,0.986013986013986,0.9976939203354298,0.9505466957877835,0.8056799134603045,0.033395406659530225,0.0018284654488207597,0.03756487678859789,3.037999928473031,0.4729194906714688
LogisticRegression,LocalPerturbation,51,0.986013986013986,0.9976939203354298,0.9632679109773185,0.9264778223859339,0.02097441576729775,0.0018801067942342264,0.00017734275030183605,2.8354170558583034,0.5713901636313248
LogisticRegression,RandomControl,51,0.986013986013986,0.9976939203354298,0.9830605182833743,0.017590532551875673,0.002984388736442578,0.015248317991176763,,3.237112261357945,0.3060565326873396
LogisticRegression,ModelSpecific,51,0.986013986013986,0.9976939203354298,0.9538860026729633,0.834039918125948,0.040029728894822036,0.0004079713884939107,0.036275968897176,3.0065559476371138,0.4977892561587536
LogisticRegression,LocalPerturbation,53,0.986013986013986,0.9976939203354298,0.6158057978502213,0.7285023230113256,-0.026892666101149317,0.006965947874949078,3.822147669100396e-06,2.893082052917611,0.5638580065035241
LogisticRegression,RandomControl,53,0.986013986013986,0.9976939203354298,0.16510081398224144,0.06362457409658183,-1.743412791288018e-05,0.8718608608642641,,3.237112261357945,0.3060565326873396
LogisticRegression,ModelSpecific,53,0.986013986013986,0.9976939203354298,0.5435395799184624,0.6467903344351312,-0.0019799774800085203,0.0887171869821272,0.03985511540539486,2.9883730539629436,0.5085598604911745
LogisticRegression,LocalPerturbation,62,0.986013986013986,0.9976939203354298,0.9319523858033127,0.9879285947758567,-0.804497353570308,0.14390513875620375,0.01268424803440668,2.683400598393403,0.6192369922457663
LogisticRegression,RandomControl,62,0.986013986013986,0.9976939203354298,0.3735843338817415,0.30705191763136525,0.11605791292384494,0.7968576646330352,,3.237112261357945,0.3060565326873396
LogisticRegression,ModelSpecific,62,0.986013986013986,0.9976939203354298,0.8690191256225933,0.9743688974998223,-0.6758521096165296,0.20597809423414248,0.03918211452630956,2.919066977476478,0.5338540173302716
LogisticRegression,LocalPerturbation,67,0.986013986013986,0.9976939203354298,0.860863034143263,0.9519161799378804,0.29485087923417774,0.06871252909857994,0.006886635589118148,2.8499414959542366,0.5514939576298546
LogisticRegression,RandomControl,67,0.986013986013986,0.9976939203354298,0.9452238418778158,0.026056672855314142,-0.031593465565607715,0.014731422808028527,,3.237112261357945,0.3060565326873396
LogisticRegression,ModelSpecific,67,0.986013986013986,0.9976939203354298,0.7461573668106408,0.9128960287101143,0.6196622120281833,0.07461757201315311,0.03831892818036832,2.9256199593576095,0.5377328490464367
LogisticRegression,LocalPerturbation,69,0.986013986013986,0.9976939203354298,0.9454977363893013,0.7246146478930935,0.01967243939575969,0.0010250165068040884,0.00028579991462663955,2.6028716073140297,0.6014744212950971
LogisticRegression,RandomControl,69,0.986013986013986,0.9976939203354298,0.9496210453408304,-0.03925789761042175,0.006907834621746378,0.0038066920941612903,,3.237112261357945,0.3060565326873396
LogisticRegression,ModelSpecific,69,0.986013986013986,0.9976939203354298,0.9302711685153109,0.7214240641161058,0.013976062185969473,0.0016650015499074522,0.036315403729975,3.006615145886672,0.488657115954593
LogisticRegression,LocalPerturbation,79,0.986013986013986,0.9976939203354298,0.9672353840837264,0.8750121780838086,0.0005098479479732632,0.00017423268393867986,4.202580171500813e-07,3.0161884907770413,0.4908661398895908
LogisticRegression,RandomControl,79,0.986013986013986,0.9976939203354298,0.995743410306633,-0.013502398872258882,7.67953188762771e-06,0.009628973560338316,,3.237112261357945,0.3060565326873396
LogisticRegression,ModelSpecific,79,0.986013986013986,0.9976939203354298,0.9760348776419396,0.8872964736378712,0.0004526391010712949,0.0001963826620029474,0.03703443948704727,3.112582492120657,0.40618495388523923
LogisticRegression,LocalPerturbation,87,0.986013986013986,0.9976939203354298,0.962351160776068,0.9162829195140689,0.015152007626210828,0.001272607450216845,6.41779699267314e-05,2.9303798014626947,0.547414121252968
LogisticRegression,RandomControl,87,0.986013986013986,0.9976939203354298,0.9830470629674761,0.2461291902527542,0.001283418010534998,0.015057989332818544,,3.237112261357945,0.3060565326873396
LogisticRegression,ModelSpecific,87,0.986013986013986,0.9976939203354298,0.963178506994016,0.8652521514297359,0.01325521297056187,0.0015192539673576366,0.03881185115243133,3.008347669097675,0.499426031387739
LogisticRegression,LocalPerturbation,92,0.986013986013986,0.9976939203354298,0.8841689371209511,0.9938979946052565,-0.3382302208379949,0.1679759569878463,0.009453435268750456,2.925272035586156,0.5496939935051712
LogisticRegression,RandomControl,92,0.986013986013986,0.9976939203354298,0.8987189026141211,-0.5674629749913924,-0.27496352525544066,0.26225510435120225,,3.237112261357945,0.3060565326873396
LogisticRegression,ModelSpecific,92,0.986013986013986,0.9976939203354298,0.8197188778313405,0.8482455601663441,-0.1452351888159612,0.34835888069213383,0.0364800112559594,3.0971016757048524,0.42943601622539973
LogisticRegression,LocalPerturbation,95,0.986013986013986,0.9976939203354298,0.5661429587514488,0.7600284287774307,-0.0016548538638522028,0.00013256469812159517,1.4411297351952901e-08,2.579029580937276,0.6966291525638258
LogisticRegression,RandomControl,95,0.986013986013986,0.9976939203354298,0.16891959403062945,-0.3420806238395895,-8.87918139164709e-07,0.1961920079223426,,3.237112261357945,0.3060565326873396
LogisticRegression,ModelSpecific,95,0.986013986013986,0.9976939203354298,0.5360425515301014,0.725893683791022,-0.0014601588346703103,0.00015026880907569176,0.04210424170562806,2.9449406638763085,0.5362701225238997
LogisticRegression,LocalPerturbation,96,0.986013986013986,0.9976939203354298,0.6700959625653088,0.7682586107614877,-0.027423836326371784,0.0015931921739425457,1.3338909238183002e-06,2.804111334351045,0.606883355917751
LogisticRegression,RandomControl,96,0.986013986013986,0.9976939203354298,0.23674971177254658,-0.20860095796097572,-4.152356224222746e-05,0.5054278544165057,,3.237112261357945,0.3060565326873396
LogisticRegression,ModelSpecific,96,0.986013986013986,0.9976939203354298,0.6700471773803941,0.8187492402718578,-0.026185035161525115,0.0016706787295939884,0.034648122034094876,3.011056343845596,0.4941198547739194
LogisticRegression,LocalPerturbation,100,0.986013986013986,0.9976939203354298,0.6329178173261738,0.9066443192573816,-0.09068255697759978,0.09408407651175199,0.00010669974346739662,2.959801856127187,0.5189232827068144
LogisticRegression,RandomControl,100,0.986013986013986,0.9976939203354298,0.3001483061599534,-0.02960803345064752,-0.0017711044191921043,0.8148701171932139,,3.237112261357945,0.3060565326873396
LogisticRegression,ModelSpecific,100,0.986013986013986,0.9976939203354298,0.5700434861322482,0.8679057327962829,-0.08823383288027602,0.09667684609912447,0.03854403908356853,3.0161407371614586,0.48606904657983435
LogisticRegression,LocalPerturbation,105,0.986013986013986,0.9976939203354298,0.782565031824042,0.8152849104011541,-0.6822445136458402,0.010324331724122268,0.0010936163277942344,1.9785363098012327,0.7832508545223456
LogisticRegression,RandomControl,105,0.986013986013986,0.9976939203354298,0.2026079432681258,0.004049942435674084,-0.003232460371086196,0.8436749521756586,,3.237112261357945,0.3060565326873396
LogisticRegression,ModelSpecific,105,0.986013986013986,0.9976939203354298,0.6746265359250594,0.7637121497531056,-0.4145420792949737,0.03348990749757094,0.036525006332216114,2.8307193546237888,0.5693958664346863
LogisticRegression,LocalPerturbation,106,0.986013986013986,0.9976939203354298,0.9306741562141008,0.9896915601201017,-0.027280145154592983,0.01871934983182799,0.0032244154560366915,3.072754190134812,0.4496323123704662
LogisticRegression,RandomControl,106,0.986013986013986,0.9976939203354298,0.905945228014335,0.3939128952273456,0.01460281908901706,0.04854046114797805,,3.237112261357945,0.3060565326873396
LogisticRegression,ModelSpecific,106,0.986013986013986,0.9976939203354298,0.9167259947839008,0.8210135957623185,0.026811622768644572,0.05355731120417062,0.039622963789137176,3.0744909764636486,0.44061937552569713
LogisticRegression,LocalPerturbation,111,0.986013986013986,0.9976939203354298,0.8503174356525588,0.9939706320966971,-0.41062773567851746,0.3552510306517798,0.009073668147618898,2.9555153891967487,0.5295310716451958
LogisticRegression,RandomControl,111,0.986013986013986,0.9976939203354298,0.6751433740451237,0.0027235262232275133,-0.0521911511856033,0.5506377568018359,,3.237112261357945,0.3060565326873396
LogisticRegression,ModelSpecific,111,0.986013986013986,0.9976939203354298,0.7954127086865088,0.9326621698775773,-0.43474261217759963,0.32437861294212816,0.04001764946855798,2.738137845618228,0.6351484540403578
LogisticRegression,LocalPerturbation,115,0.986013986013986,0.9976939203354298,0.7798044717320249,0.6886713840005227,-0.5229042158601606,0.007386226491730085,0.0003439074996713038,2.92475140799742,0.5246042222284303
LogisticRegression,RandomControl,115,0.986013986013986,0.9976939203354298,0.37449801457499354,0.14769392294317313,-0.00013579683899312008,0.9316582429449173,,3.237112261357945,0.3060565326873396
LogisticRegression,ModelSpecific,115,0.986013986013986,0.9976939203354298,0.42621735060087157,0.692489647860019,-0.0015256066673586181,0.8109055569843729,0.03633680280920562,3.1447465719666505,0.3748166520932807
LogisticRegression,LocalPerturbation,122,0.986013986013986,0.9976939203354298,0.6714117929230902,0.7557664392784188,-0.014857669488966507,0.00012122997898759694,1.2955950948551041e-07,2.6873768797280517,0.6518065706086995
LogisticRegression,RandomControl,122,0.986013986013986,0.9976939203354298,0.2274505332755771,0.03887384725659308,-2.311608302686816e-06,0.4309857651556243,,3.237112261357945,0.3060565326873396
LogisticRegression,ModelSpecific,122,0.986013986013986,0.9976939203354298,0.5858751320642587,0.8063538227540595,-0.014857669488966507,0.00012122997898759694,0.03892908819442851,2.9485520643663587,0.5177638301102099
LogisticRegression,LocalPerturbation,124,0.986013986013986,0.9976939203354298,0.7873851884848742,0.8743792771095593,-0.7664216802821627,0.028320803570876563,0.0024193321499440756,2.834188907747626,0.5793567891497728
LogisticRegression,RandomControl,124,0.986013986013986,0.9976939203354298,0.2210746673408972,0.2825788201939411,0.004564647957788332,0.9727860271230225,,3.237112261357945,0.3060565326873396
LogisticRegression,ModelSpecific,124,0.986013986013986,0.9976939203354298,0.6291307188033907,0.85152138448709,-0.3894689772657896,0.1532566954643519,0.03694785962786886,2.8658178724740813,0.5758634549136175
LogisticRegression,LocalPerturbation,126,0.986013986013986,0.9976939203354298,0.9562172143591658,0.9271914070048438,0.025781956852688026,0.0029850329252757435,0.00035947783535090864,2.700826218502541,0.6347754249718094
LogisticRegression,RandomControl,126,0.986013986013986,0.9976939203354298,0.981420729354413,0.007826866532613205,0.001486860639543286,0.03459100176540697,,3.237112261357945,0.3060565326873396
LogisticRegression,ModelSpecific,126,0.986013986013986,0.9976939203354298,0.952809350073817,0.8210118508650976,0.03766309468917173,0.0011152191582309845,0.03820664484079691,3.1152814213966202,0.4197158588883998
LogisticRegression,LocalPerturbation,131,0.986013986013986,0.9976939203354298,0.9607003003028791,0.9776673444683416,0.009026891394031566,0.01837873938008372,0.0005762195247507449,3.0606417288955443,0.4571921682368176
LogisticRegression,RandomControl,131,0.986013986013986,0.9976939203354298,0.9640800083381715,0.024562164167236503,0.005202961685004004,0.02569433504222962,,3.237112261357945,0.3060565326873396
LogisticRegression,ModelSpecific,131,0.986013986013986,0.9976939203354298,0.960290088554482,0.8759914762977786,0.0054126366410344184,0.025194169460178495,0.037659740958070384,3.112945253611187,0.4229143981392563
LogisticRegression,LocalPerturbation,138,0.986013986013986,0.9976939203354298,0.9069580996573063,0.9819996728834886,-0.29275146635975857,0.17598254090180399,0.011947634585410847,2.9210093756601845,0.5331862053571065
LogisticRegression,RandomControl,138,0.986013986013986,0.9976939203354298,0.7533984189110087,0.105365665691373,-0.15633930058896317,0.30324605744945754,,3.237112261357945,0.3060565326873396
LogisticRegression,ModelSpecific,138,0.986013986013986,0.9976939203354298,0.8363116303945828,0.8638151036358412,-0.29043913391346576,0.17996157854101924,0.035255176058399035,2.9070355116278455,0.5529583474785705
LogisticRegression,LocalPerturbation,140,0.986013986013986,0.9976939203354298,0.9662815293503627,0.9143094747554635,0.006690856140946222,0.009696114629309749,0.00019760238577124645,3.117728629252928,0.4196203171697017
LogisticRegression,RandomControl,140,0.986013986013986,0.9976939203354298,0.9669554922057025,0.27265487925189025,0.002166947766454097,0.022803820528012775,,3.237112261357945,0.3060565326873396
LogisticRegression,ModelSpecific,140,0.986013986013986,0.9976939203354298,0.972423556993604,0.9327682622406477,0.0018180678064483313,0.025175659427918995,0.033714947875500806,3.1151776720936786,0.4231049330593585
RandomForest,LocalPerturbation,10,0.951048951048951,0.9939203354297694,0.9650069444444443,0.9933149271101018,-0.32729166666666676,0.07708333333333339,0.03801726581436385,2.5502361580581763,0.6977628747309942
RandomForest,RandomControl,10,0.951048951048951,0.9939203354297694,0.8489375,-0.02148288969219114,-0.12750000000000006,0.2779166666666667,,3.237112261357945,0.3060565326873396
RandomForest,LocalPerturbation,12,0.951048951048951,0.9939203354297694,0.8278973214285714,0.9853792945560139,-0.6158333333333333,0.16791666666666666,0.021650635094610977,2.1955897989264255,0.799063190799404
RandomForest,RandomControl,12,0.951048951048951,0.9939203354297694,0.5738020833333334,-0.3740000438065752,-0.3175,0.454375,,3.237112261357945,0.3060565326873396
RandomForest,LocalPerturbation,17,0.951048951048951,0.9939203354297694,0.9051388888888889,0.9905435843557687,-0.6658333333333333,0.09895833333333334,0.03852758751855613,2.404671274703785,0.7243242468541289
RandomForest,RandomControl,17,0.951048951048951,0.9939203354297694,0.522125,0.42580562217457074,-0.05833333333333332,0.7645833333333334,,3.237112261357945,0.3060565326873396
RandomForest,LocalPerturbation,25,0.951048951048951,0.9939203354297694,0.9745188492063491,0.8933853881429735,0.03928571428571437,0.0,0.0131761569173682,1.228784615233121,0.9413793103448277
RandomForest,RandomControl,25,0.951048951048951,0.9939203354297694,0.9893154761904761,0.23814971722781125,0.008333333333333415,0.0,,3.237112261357945,0.3060565326873396
RandomForest,LocalPerturbation,51,0.951048951048951,0.9939203354297694,0.9907291666666668,0.5107872361584304,0.012500000000000067,0.012500000000000067,0.012500000000000067,2.150060224484235,0.7687626774847871
RandomForest,RandomControl,51,0.951048951048951,0.9939203354297694,0.990625,0.026592081162820438,0.0,0.006249999999999978,,3.237112261357945,0.3060565326873396
RandomForest,LocalPerturbation,53,0.951048951048951,0.9939203354297694,0.6474236111111111,0.9256203829408757,-0.4802083333333333,0.15,0.0125,2.1000771826059204,0.8163710477029855
RandomForest,RandomControl,53,0.951048951048951,0.9939203354297694,0.443736111111111,-0.31330966855724596,-0.121875,0.4625,,3.237112261357945,0.3060565326873396
RandomForest,LocalPerturbation,62,0.951048951048951,0.9939203354297694,0.9551041666666664,0.9784879672918954,-0.3831249999999998,0.06562499999999993,0.040986108757859775,2.672519502704316,0.6442203426588594
RandomForest,RandomControl,62,0.951048951048951,0.9939203354297694,0.7441388888888888,0.2761009910385603,0.015625,0.40187499999999987,,3.237112261357945,0.3060565326873396
RandomForest,LocalPerturbation,67,0.951048951048951,0.9939203354297694,0.9045243055555555,0.938416422617655,-0.20229166666666687,0.13854166666666667,0.026516504294495463,2.644081539182897,0.6470503136205348
RandomForest,RandomControl,67,0.951048951048951,0.9939203354297694,0.9092638888888889,-0.34485792855867625,-0.20520833333333355,0.13979166666666676,,3.237112261357945,0.3060565326873396
RandomForest,LocalPerturbation,69,0.951048951048951,0.9939203354297694,0.9858506944444445,0.9814137646105139,-0.06666666666666676,0.01562500000000011,0.03685792919365454,2.079896887892745,0.8113311765170047
RandomForest,RandomControl,69,0.951048951048951,0.9939203354297694,0.9650069444444445,-0.09871364758134035,0.01083333333333325,0.08854166666666674,,3.237112261357945,0.3060565326873396
RandomForest,LocalPerturbation,79,0.951048951048951,0.9939203354297694,0.9631299603174603,0.9607134347514906,0.06011904761904785,0.0,0.007511565157216679,1.8068608789485805,0.8497675319643553
RandomForest,RandomControl,79,0.951048951048951,0.9939203354297694,0.9751661706349206,0.03871592382832275,0.025000000000000022,0.018750000000000044,,3.237112261357945,0.3060565326873396
RandomForest,LocalPerturbation,87,0.951048951048951,0.9939203354297694,0.9930555555555556,0.9151223942888399,0.004166666666666652,0.0031250000000000444,0.004166666666666652,1.9076956485553933,0.8267020335985853
RandomForest,RandomControl,87,0.951048951048951,0.9939203354297694,0.9939409722222222,-0.09188181048534849,-0.002083333333333326,0.006249999999999978,,3.237112261357945,0.3060565326873396
RandomForest,LocalPerturbation,92,0.951048951048951,0.9939203354297694,0.92165625,0.9940422822020385,-0.6281250000000002,0.047916666666666635,0.02165063509461097,2.083026723376532,0.8194620904389527
RandomForest,RandomControl,92,0.951048951048951,0.9939203354297694,0.8361979166666667,-0.6029963185117696,-0.4258333333333334,0.24479166666666666,,3.237112261357945,0.3060565326873396
RandomForest,LocalPerturbation,95,0.951048951048951,0.9939203354297694,0.6407465277777777,0.9476376214069141,-0.4570833333333333,0.15,0.0,1.9821621309577702,0.8370305293213266
RandomForest,RandomControl,95,0.951048951048951,0.9939203354297694,0.4423402777777777,-0.436173323224024,-0.10729166666666667,0.4625,,3.237112261357945,0.3060565326873396
RandomForest,LocalPerturbation,96,0.951048951048951,0.9939203354297694,0.7167986111111112,0.9490476542728862,-0.49187499999999995,0.19375,0.0,2.1398148212870187,0.8055911809469564
RandomForest,RandomControl,96,0.951048951048951,0.9939203354297694,0.5225833333333333,-0.38216379004841217,-0.24270833333333336,0.4625,,3.237112261357945,0.3060565326873396
RandomForest,LocalPerturbation,100,0.951048951048951,0.9939203354297694,0.7908298611111111,0.9762661115334399,-0.5041666666666667,0.205625,0.012499999999999997,2.153805242262476,0.8057257085742843
RandomForest,RandomControl,100,0.951048951048951,0.9939203354297694,0.5583888888888888,-0.44015589480885825,-0.21458333333333335,0.4625,,3.237112261357945,0.3060565326873396
RandomForest,LocalPerturbation,105,0.951048951048951,0.9939203354297694,0.8534965277777778,0.9745152106734245,-0.7072916666666667,0.18333333333333335,0.02165063509461096,2.4702081284041646,0.725729257501537
RandomForest,RandomControl,105,0.951048951048951,0.9939203354297694,0.5171597222222223,-0.24441357839176567,-0.17500000000000004,0.5104166666666666,,3.237112261357945,0.3060565326873396
RandomForest,LocalPerturbation,106,0.951048951048951,0.9939203354297694,0.9750486111111112,0.9278830984571935,0.012916666666666576,0.016666666666666607,0.021143524093942115,2.0205290052734792,0.822998372058606
RandomForest,RandomControl,106,0.951048951048951,0.9939203354297694,0.9782777777777778,0.14193151059614673,0.014583333333333393,0.026666666666666616,,3.237112261357945,0.3060565326873396
RandomForest,LocalPerturbation,111,0.951048951048951,0.9939203354297694,0.9313928571428571,0.969449107952297,-0.32071428571428573,0.05291666666666661,0.03869619921043061,2.6973996180326854,0.6417485464119855
RandomForest,RandomControl,111,0.951048951048951,0.9939203354297694,0.8536250000000001,-0.12873154592590402,-0.16446428571428573,0.2973809523809524,,3.237112261357945,0.3060565326873396
RandomForest,LocalPerturbation,115,0.951048951048951,0.9939203354297694,0.7701889880952381,0.9436516996761464,-0.45499999999999996,0.17083333333333334,0.012500000000000004,2.356653372827603,0.75794509782294
RandomForest,RandomControl,115,0.951048951048951,0.9939203354297694,0.5458194444444444,-0.35189031599480936,-0.21895833333333337,0.44270833333333337,,3.237112261357945,0.3060565326873396
RandomForest,LocalPerturbation,122,0.951048951048951,0.9939203354297694,0.6677534722222223,0.8940087581968863,-0.518125,0.15,0.0,2.143590364495113,0.8035382852650365
RandomForest,RandomControl,122,0.951048951048951,0.9939203354297694,0.4392222222222222,0.004630929136551854,-0.14687500000000003,0.4625,,3.237112261357945,0.3060565326873396
RandomForest,LocalPerturbation,124,0.951048951048951,0.9939203354297694,0.881469246031746,0.9918099803191947,-0.6359523809523808,0.23854166666666674,0.0203100960115899,2.5227658493444776,0.703731802938905
RandomForest,RandomControl,124,0.951048951048951,0.9939203354297694,0.583375,0.07812036340619077,-0.1114583333333333,0.8125,,3.237112261357945,0.3060565326873396
RandomForest,LocalPerturbation,126,0.951048951048951,0.9939203354297694,0.988107638888889,0.9209379154377749,0.03125,0.006249999999999978,0.0,1.7292777864926319,0.867816091954023
RandomForest,RandomControl,126,0.951048951048951,0.9939203354297694,0.9944270833333333,-0.1914088509086077,0.008333333333333415,0.0,,3.237112261357945,0.3060565326873396
RandomForest,LocalPerturbation,131,0.951048951048951,0.9939203354297694,0.9853298611111111,0.8917121343547131,0.019791666666666874,0.006249999999999978,0.013346347815039124,2.1523279865412106,0.7733990147783253
RandomForest,RandomControl,131,0.951048951048951,0.9939203354297694,0.9841145833333335,0.40455973006490853,0.01666666666666683,0.012499999999999956,,3.237112261357945,0.3060565326873396
RandomForest,LocalPerturbation,138,0.951048951048951,0.9939203354297694,0.9778025793650793,0.9808933167438914,-0.15446428571428583,0.01750000000000007,0.03047653924651614,2.63385826430501,0.6605830515292851
RandomForest,RandomControl,138,0.951048951048951,0.9939203354297694,0.9237078373015872,0.17859241585925653,-0.05133928571428559,0.11279761904761898,,3.237112261357945,0.3060565326873396
RandomForest,LocalPerturbation,140,0.951048951048951,0.9939203354297694,0.9343154761904761,0.8250940461697708,0.10624999999999996,0.0010416666666666075,0.006249999999999978,1.9241889502999725,0.8369204659415261
RandomForest,RandomControl,140,0.951048951048951,0.9939203354297694,0.9767633928571426,0.21183906771531077,0.01666666666666672,0.02083333333333337,,3.237112261357945,0.3060565326873396
MLP,LocalPerturbation,10,0.9370629370629371,0.9880503144654089,0.7261502886693931,0.9623513761912882,0.032977189336577784,0.05974258191427073,0.008477461192839422,2.9880784345263747,0.49279747680628927
MLP,RandomControl,10,0.9370629370629371,0.9880503144654089,0.7611861653887829,-0.6151348067106194,-0.017061721305813515,0.015617765233653769,,3.237112261357945,0.3060565326873396
MLP,LocalPerturbation,12,0.9370629370629371,0.9880503144654089,0.7207176301219482,0.9719399026970728,-0.21693217004532056,0.27063867424150295,0.0051749076745028835,2.7982689530165468,0.6102452224732611
MLP,RandomControl,12,0.9370629370629371,0.9880503144654089,0.6770288312561408,-0.3413400802176791,-0.07824844734322633,0.31015112313113874,,3.237112261357945,0.3060565326873396
MLP,LocalPerturbation,17,0.9370629370629371,0.9880503144654089,0.7809918200850434,0.7843159235633662,-0.42549662625269674,0.23526055277511243,0.006678758496271562,2.7028647098766907,0.6383039117359837
MLP,RandomControl,17,0.9370629370629371,0.9880503144654089,0.6478095281364549,0.1355079725431449,-0.30382966147681206,0.4900023585304229,,3.237112261357945,0.3060565326873396
MLP,LocalPerturbation,25,0.9370629370629371,0.9880503144654089,0.7923079382849331,0.9571832895401182,0.09091180590815506,0.017133922702467164,0.0035331983698595735,2.7937757516113995,0.6108415789969475
MLP,RandomControl,25,0.9370629370629371,0.9880503144654089,0.8408309254021087,0.3780314422069213,0.025071755876488466,0.09811691164162217,,3.237112261357945,0.3060565326873396
MLP,LocalPerturbation,51,0.9370629370629371,0.9880503144654089,0.7900106100753916,0.9060811793267528,0.004061250359742252,0.043659366870759886,0.004972890739782204,3.018390830922052,0.48991651380663737
MLP,RandomControl,51,0.9370629370629371,0.9880503144654089,0.8089482761437284,-0.1504377377792476,-0.0238872989410307,0.06936272314714764,,3.237112261357945,0.3060565326873396
MLP,LocalPerturbation,53,0.9370629370629371,0.9880503144654089,0.6289588969706166,0.9315023193847894,-0.1976971330200285,0.33253294121355825,0.004465260236834567,3.0975246710173785,0.43939730439323893
MLP,RandomControl,53,0.9370629370629371,0.9880503144654089,0.5469595151471988,0.011597614144029158,-0.08821162524465614,0.5212073122113606,,3.237112261357945,0.3060565326873396
MLP,LocalPerturbation,62,0.9370629370629371,0.9880503144654089,0.8416456188970295,0.9687832160542498,-0.2261873782021523,0.004799972907050698,0.005931127245435136,2.726189376786045,0.6329528551834375
MLP,RandomControl,62,0.9370629370629371,0.9880503144654089,0.7177546587456094,0.1355722891451116,0.09028608845852482,0.1728372744133324,,3.237112261357945,0.3060565326873396
MLP,LocalPerturbation,67,0.9370629370629371,0.9880503144654089,0.7727113750524295,0.9801277234651893,-0.09657859395336599,0.053884760689524636,0.007117096420963382,2.8600568014184637,0.5824382541145602
MLP,RandomControl,67,0.9370629370629371,0.9880503144654089,0.7764930547085015,-0.18272808201783325,-0.04627207455964277,0.004433296713433066,,3.237112261357945,0.3060565326873396
MLP,LocalPerturbation,69,0.9370629370629371,0.9880503144654089,0.7951009951741385,0.9665682662759997,-0.24430449098638707,0.08115510602941867,0.007335571752918876,2.9285357097229467,0.5469520395538197
MLP,RandomControl,69,0.9370629370629371,0.9880503144654089,0.5252681810094704,-0.13518243713615244,0.052233234560101316,0.18111323321083328,,3.237112261357945,0.3060565326873396
MLP,LocalPerturbation,79,0.9370629370629371,0.9880503144654089,0.870263709643125,0.9518291148297922,0.05269056773587444,0.01110089302123174,0.00016243142186524916,2.884384959017529,0.571173050489729
MLP,RandomControl,79,0.9370629370629371,0.9880503144654089,0.9325565774009924,0.23506373020355534,0.0022405619175988045,0.13462765773780605,,3.237112261357945,0.3060565326873396
MLP,LocalPerturbation,87,0.9370629370629371,0.9880503144654089,0.847170676509997,0.9636433559936287,0.07652883962829982,0.019024753090130297,0.0015698622496875606,2.8146409666111882,0.6015407571527114
MLP,RandomControl,87,0.9370629370629371,0.9880503144654089,0.8477577391085892,0.3014540698460225,0.0291472089089041,0.10107147192608856,,3.237112261357945,0.3060565326873396
MLP,LocalPerturbation,92,0.9370629370629371,0.9880503144654089,0.7315530491799958,0.8817180847771623,0.08891578019874924,0.002236421329553262,0.008339023070926597,2.719017231225696,0.6432262017933394
MLP,RandomControl,92,0.9370629370629371,0.9880503144654089,0.7628991463337157,0.15055223805731377,0.07548941206972126,0.022523960463808557,,3.237112261357945,0.3060565326873396
MLP,LocalPerturbation,95,0.9370629370629371,0.9880503144654089,0.5942779052458006,0.9614173635757438,-0.2950599960148723,0.22859134577088688,0.0031654935578975967,2.84819001580652,0.5844597660628227
MLP,RandomControl,95,0.9370629370629371,0.9880503144654089,0.5407090844894614,-0.36682539827295757,-0.13785198348132868,0.560219770357538,,3.237112261357945,0.3060565326873396
MLP,LocalPerturbation,96,0.9370629370629371,0.9880503144654089,0.5973028280252635,0.9326970361255061,-0.273475083528929,0.28365192712481146,0.0043895121432326895,2.956990405122185,0.5342292916434146
MLP,RandomControl,96,0.9370629370629371,0.9880503144654089,0.44988379500197184,-0.00735692501062336,-0.010938718586385565,0.5757731827469492,,3.237112261357945,0.3060565326873396
MLP,LocalPerturbation,100,0.9370629370629371,0.9880503144654089,0.6032469972011694,0.9873033898714294,-0.06748773570674593,0.1908659204433366,0.004478446906274174,2.791742525229219,0.5862166885356476
MLP,RandomControl,100,0.9370629370629371,0.9880503144654089,0.6518634832281371,-0.3273885163594699,-0.035925608784506624,0.2759708645093858,,3.237112261357945,0.3060565326873396
MLP,LocalPerturbation,105,0.9370629370629371,0.9880503144654089,0.7306416518403104,0.9613343907977021,-0.318283975222979,0.02762065541497505,0.007151211913812364,2.7131800123988725,0.625303211354967
MLP,RandomControl,105,0.9370629370629371,0.9880503144654089,0.6414063583246095,-0.4633396063718597,-0.08487425789372932,0.3278108176752048,,3.237112261357945,0.3060565326873396
MLP,LocalPerturbation,106,0.9370629370629371,0.9880503144654089,0.7890248724240329,0.9794001535896271,-0.01885456776669059,0.02964203126933973,0.004578436313246834,2.9472760083241347,0.5315162983186411
MLP,RandomControl,106,0.9370629370629371,0.9880503144654089,0.7642479378487419,0.1973954820314143,0.05287465581897843,0.03291402748700856,,3.237112261357945,0.3060565326873396
MLP,LocalPerturbation,111,0.9370629370629371,0.9880503144654089,0.7171000716740661,0.9782735126100003,-0.15096428757299318,0.05566925917750798,0.008308267858372662,3.0510946134639947,0.4749844069503051
MLP,RandomControl,111,0.9370629370629371,0.9880503144654089,0.6667359581572994,-0.11299648665010924,-0.06465658423281917,0.18371030042225533,,3.237112261357945,0.3060565326873396
MLP,LocalPerturbation,115,0.9370629370629371,0.9880503144654089,0.5558790914491967,0.9364946376010128,-0.19108333856903742,0.3146429923469079,0.005193223824381462,2.719845802879849,0.6373233956127606
MLP,RandomControl,115,0.9370629370629371,0.9880503144654089,0.5219026878041533,0.29657792640431185,-0.00836708142574144,0.5532189388214177,,3.237112261357945,0.3060565326873396
MLP,LocalPerturbation,122,0.9370629370629371,0.9880503144654089,0.589054594003932,0.9258900217887336,-0.42125653849455075,0.07525670726359963,0.0018388581064819963,2.9057365007181497,0.5526855078988138
MLP,RandomControl,122,0.9370629370629371,0.9880503144654089,0.4793679618843645,-0.3407155615947016,-0.10469897927080739,0.5814233203094932,,3.237112261357945,0.3060565326873396
MLP,LocalPerturbation,124,0.9370629370629371,0.9880503144654089,0.6486811352548381,0.9398751124687539,-0.1988763179716717,0.225383366444386,0.005455673968569605,3.0186161558867646,0.4943925575237852
MLP,RandomControl,124,0.9370629370629371,0.9880503144654089,0.5030495867545648,0.11707119898652107,-0.023963281262199487,0.5335634394410473,,3.237112261357945,0.3060565326873396
MLP,LocalPerturbation,126,0.9370629370629371,0.9880503144654089,0.8007387577767591,0.9061632566301712,0.09198375838043249,0.015525566536788715,0.0026508548345873136,2.95858344811222,0.5301038956512464
MLP,RandomControl,126,0.9370629370629371,0.9880503144654089,0.8526410200587468,0.1845136857491422,-0.001039781967826503,0.10422611257382108,,3.237112261357945,0.3060565326873396
MLP,LocalPerturbation,131,0.9370629370629371,0.9880503144654089,0.8106786341701682,0.9841888452982631,0.05038063115875924,0.01739385607397048,0.005981140196903487,2.933895166596959,0.5419053484749129
MLP,RandomControl,131,0.9370629370629371,0.9880503144654089,0.8186189960576072,0.22279935151116542,0.009754784214126122,0.06810414461157976,,3.237112261357945,0.3060565326873396
MLP,LocalPerturbation,138,0.9370629370629371,0.9880503144654089,0.7687317798128448,0.8902021707412953,-0.06518812724468281,0.011921630771136282,0.005346882452789046,3.0255740005545224,0.48031481178510016
MLP,RandomControl,138,0.9370629370629371,0.9880503144654089,0.7164887312811193,0.09047230931671627,0.04715673097252204,0.08487772276439731,,3.237112261357945,0.3060565326873396
MLP,LocalPerturbation,140,0.9370629370629371,0.9880503144654089,0.823753422535699,0.9461565477023717,0.04512523092353382,0.0628002116613402,0.001369243921646691,2.9252487621375898,0.5386093473338889
MLP,RandomControl,140,0.9370629370629371,0.9880503144654089,0.8397426833116375,-0.12018946673586468,0.001415805623176114,0.10991460929770991,,3.237112261357945,0.3060565326873396
